Date,On-Peak-Usage,Off-Peak-Usage,Other-Peak-Usage,Total-Delivered,Production,AVG-Temp,Bill-Start-Date,Bill-End-Date,APS-Solar-Production
2019-05-20,4.518,23.85,,28.368,0.0,67,2019-05-20,2019-06-01,718.8828
2019-05-21,0.6624,16.9668,,17.6292,0.0,69,2019-06-01,2019-07-02,2115.5472
2019-05-22,1.704,15.2568,,16.9608,61.0128,66,2019-07-02,2019-08-01,1903.6691999999998
2019-05-23,0.42,14.988,,15.408,71.7144,65,2019-08-01,2019-09-04,2063.1612
2019-05-24,0.7344,11.2632,,11.9976,76.4592,72,2019-09-04,2019-10-01,1544.5140000000004
2019-05-25,,15.3204,,15.3204,75.3696,78,2019-10-01,2019-11-01,1780.3968
2019-05-26,,13.9764,,13.9764,72.7668,76,2019-11-01,2019-12-03,1331.2812
2019-05-27,,11.3916,,11.3916,77.0232,71,2019-12-03,2020-01-03,1022.1335999999999
2019-05-28,1.098,11.4756,,12.5736,65.6568,73,2020-01-03,2020-02-04,1382.8716
2019-05-29,0.8532,14.4912,,15.3444,73.164,77,2020-02-04,2020-03-04,348.1236
2019-05-30,1.158,12.0108,,13.1688,72.816,84,2020-03-04,2020-04-02,569.106
2019-05-31,0.9612,11.9748,,12.936,72.9,85,2020-04-02,2020-05-01,1920.2879999999998
2019-06-01,,11.9028,,11.9028,70.1712,85,2020-05-01,2020-06-02,2167.1531999999997
2019-06-02,,12.8904,,12.8904,70.8012,83,2020-06-02,2020-07-01,1917.0456000000001
2019-06-03,0.996,12.2352,,13.2312,71.1996,85,2020-07-01,2020-08-04,2004.4788
2019-06-04,1.554,12.2376,,13.7916,63.2148,85,2020-08-04,2020-09-02,1644.7824
2019-06-05,1.0812,13.416,,14.4972,71.0676,89,2020-09-02,2020-10-02,1699.092
2019-06-06,0.924,14.0544,,14.9784,70.4352,90,2020-10-02,2020-11-03,1659.0876
2019-06-07,0.9588,14.2296,,15.1884,70.644,88,2020-11-03,2020-12-02,1281.8208000000002
2019-06-08,,16.152,,16.152,72.3648,87,2020-12-02,2021-01-04,1313.1852000000001
2019-06-09,,18.552,,18.552,66.4224,92,2020-12-02,2021-01-04,1313.1852000000001
2019-06-10,1.1748,15.2868,,16.4616,68.4264,94,,,
2019-06-11,1.5672,16.9092,,18.4764,65.4096,94,,,
2019-06-12,1.2108,16.5768,,17.7876,67.956,96,,,
2019-06-13,12.006,31.29,,43.296,48.6816,95,,,
2019-06-14,0.9252,23.2188,,24.144,71.382,89,,,
2019-06-15,,16.9788,,16.9788,69.3072,92,,,
2019-06-16,,18.432,,18.432,68.67,92,,,
2019-06-17,1.1112,15.5472,,16.6584,70.7652,91,,,
2019-06-18,0.8616,16.4076,,17.2692,71.034,89,,,
2019-06-19,0.8508,14.892,,15.7428,69.7428,87,,,
2019-06-20,0.936,18.4104,,19.3464,71.6712,87,,,
2019-06-21,0.912,16.5948,,17.5068,70.9512,91,,,
2019-06-22,,21.9336,,21.9336,70.5492,90,,,
2019-06-23,,17.052,,17.052,71.0796,89,,,
2019-06-24,0.6204,16.7376,,17.358,70.5468,86,,,
2019-06-25,1.1244,15.174,,16.2984,64.7256,88,,,
2019-06-26,0.7956,15.3204,,16.116,67.3272,89,,,
2019-06-27,1.146,16.398,,17.544,71.4264,89,,,
2019-06-28,0.8556,14.8512,,15.7068,66.0192,91,,,
2019-06-29,,32.4816,,32.4816,63.3,99,,,
2019-06-30,,47.6568,,47.6568,62.436,100,,,
2019-07-01,10.764,31.596,,42.36,67.8192,95,,,
2019-07-02,9.3096,31.5672,,40.8768,68.766,94,,,
2019-07-03,9.8976,29.9124,,39.81,68.9292,93,,,
2019-07-04,,21.7332,,21.7332,69.858,90,,,
2019-07-05,4.7244,11.9352,,16.6596,69.6372,90,,,
2019-07-06,,17.6688,,17.6688,68.1276,93,,,
2019-07-07,,18.5736,,18.5736,62.8644,93,,,
2019-07-08,3.8136,11.466,,15.2796,70.8036,86,,,
2019-07-09,5.4012,12.9084,,18.3096,68.8116,88,,,
2019-07-10,7.7568,15.858,,23.6148,66.156,95,,,
2019-07-11,8.4288,20.3004,,28.7292,57.7212,98,,,
2019-07-12,12.3156,22.5216,,34.8372,52.1124,101,,,
2019-07-13,,79.1232,,79.1232,66.0948,104,,,
2019-07-14,,81.2772,,81.2772,64.9884,99,,,
2019-07-15,18.7116,45.2532,,63.9648,64.7004,100,,,
2019-07-16,15.8772,43.6584,,59.5356,66.0456,99,,,
2019-07-17,19.8108,44.1984,,64.0092,58.9248,97,,,
2019-07-18,16.6572,35.8452,,52.5024,63.6444,96,,,
2019-07-19,16.5012,36.4788,,52.98,62.8968,97,,,
2019-07-20,,53.3796,,53.3796,67.4448,96,,,
2019-07-21,,59.2056,,59.2056,65.6628,98,,,
2019-07-22,20.0964,48.4884,,68.5848,50.1516,98,,,
2019-07-23,15.726,40.8588,,56.5848,62.7168,95,,,
2019-07-24,11.6844,43.4148,,55.0992,60.2844,89,,,
2019-07-25,14.1444,40.4028,,54.5472,66.1092,97,,,
2019-07-26,14.8152,51.8712,,66.6864,63.888,100,,,
2019-07-27,,56.6772,,56.6772,66.1008,101,,,
2019-07-28,,58.986,,58.986,62.9976,101,,,
2019-07-29,16.122,47.1756,,63.2976,56.8416,99,,,
2019-07-30,13.9512,44.9676,,58.9188,61.9452,97,,,
2019-07-31,12.7992,38.1816,,50.9808,48.444,87,,,
2019-08-01,15.5316,42.798,,58.3296,61.8912,93,,,
2019-08-02,16.9776,43.6596,,60.6372,61.4556,99,,,
2019-08-03,,81.3192,,81.3192,59.7876,101,,,
2019-08-04,,65.3412,,65.3412,63.6132,99,,,
2019-08-05,19.3272,47.7024,,67.0296,56.8356,104,,,
2019-08-06,14.5932,50.52,,65.1132,23.6496,94,,,
2019-08-07,14.7168,40.9752,,55.692,55.4076,96,,,
2019-08-08,14.7732,43.3356,,58.1088,64.9164,96,,,
2019-08-09,14.706,47.5464,,62.2524,42.0096,94,,,
2019-08-10,,56.6772,,56.6772,62.8128,93,,,
2019-08-11,,51.978,,51.978,65.2824,93,,,
2019-08-12,10.8768,33.54,,44.4168,66.6348,94,,,
2019-08-13,13.1172,34.6908,,47.808,65.532,93,,,
2019-08-14,16.0548,36.4536,,52.5084,65.5716,96,,,
2019-08-15,15.0492,38.292,,53.3412,65.6268,97,,,
2019-08-16,15.2172,39.2844,,54.5016,64.6056,94,,,
2019-08-17,,56.7732,,56.7732,64.4436,97,,,
2019-08-18,,64.1628,,64.1628,56.1096,92,,,
2019-08-19,13.0008,32.0244,,45.0252,65.4084,93,,,
2019-08-20,15.5976,37.6296,,53.2272,64.2384,96,,,
2019-08-21,17.34,46.7628,,64.1028,64.908,97,,,
2019-08-22,8.082,34.488,,42.57,63.0132,93,,,
2019-08-23,9.4104,22.3248,,31.7352,62.4552,93,,,
2019-08-24,,36.1944,,36.1944,60.8592,93,,,
2019-08-25,,55.7352,,55.7352,62.7192,94,,,
2019-08-26,18.5892,49.476,,68.0652,60.2388,97,,,
2019-08-27,17.6352,43.0524,,60.6876,61.9764,99,,,
2019-08-28,16.1052,43.7292,,59.8344,61.9632,99,,,
2019-08-29,16.1664,47.52,,63.6864,62.208,91,,,
2019-08-30,15.7524,40.5528,,56.3052,62.3352,97,,,
2019-08-31,,65.106,,65.106,61.5696,99,,,
2019-09-01,,53.3112,,53.3112,60.3384,98,,,
2019-09-02,,60.7092,,60.7092,61.62,94,,,
2019-09-03,16.1556,42.216,,58.3716,61.1244,97,,,
2019-09-04,15.6408,46.1412,,61.782,60.4488,98,,,
2019-09-05,15.3492,45.624,,60.9732,60.8844,98,,,
2019-09-06,15.2184,41.9232,,57.1416,58.2708,98,,,
2019-09-07,,59.0388,,59.0388,61.1904,98,,,
2019-09-08,,59.07,,59.07,59.778,92,,,
2019-09-09,12.2688,37.2792,,49.548,61.2636,89,,,
2019-09-10,10.896,40.512,,51.408,53.1288,90,,,
2019-09-11,9.798,34.2576,,44.0556,60.9888,87,,,
2019-09-12,10.626,31.1628,,41.7888,62.9376,89,,,
2019-09-13,17.0952,33.492,,50.5872,55.6428,91,,,
2019-09-14,,63.624,,63.624,53.9028,90,,,
2019-09-15,,41.8356,,41.8356,60.18,89,,,
2019-09-16,10.3164,39.318,,49.6344,43.2792,90,,,
2019-09-17,12.9264,31.0404,,43.9668,60.606,84,,,
2019-09-18,11.7288,29.31,,41.0388,61.4076,86,,,
2019-09-19,10.5924,29.5836,,40.176,62.5176,86,,,
2019-09-20,8.4912,21.1608,,29.652,63.6708,81,,,
2019-09-21,,29.916,,29.916,63.6612,79,,,
2019-09-22,,34.9896,,34.9896,62.172,85,,,
2019-09-23,4.9044,27.2772,,32.1816,34.0164,80,,,
2019-09-24,6.3492,24.1212,,30.4704,58.7904,78,,,
2019-09-25,9.1896,20.8404,,30.03,42.5712,80,,,
2019-09-26,8.154,18.3696,,26.5236,43.9104,77,,,
2019-09-27,7.8624,17.8524,,25.7148,57.8376,77,,,
2019-09-28,,29.6208,,29.6208,60.0648,80,,,
2019-09-29,,32.9556,,32.9556,59.3568,80,,,
2019-09-30,7.1616,13.1868,,20.3484,62.0352,77,,,
2019-10-01,6.2532,11.568,,17.8212,59.4768,74,,,
2019-10-02,6.0012,11.3256,,17.3268,61.2672,76,,,
2019-10-03,10.536,15.1572,,25.6932,58.6212,79,,,
2019-10-04,7.992,17.352,,25.344,58.9932,81,,,
2019-10-05,,31.6452,,31.6452,59.5428,80,,,
2019-10-06,,23.7864,,23.7864,60.4032,79,,,
2019-10-07,10.4448,18.2124,,28.6572,58.8084,80,,,
2019-10-08,7.9932,16.5492,,24.5424,58.7928,78,,,
2019-10-09,10.2708,18.342,,28.6128,58.5384,78,,,
2019-10-10,5.094,15.186,,20.28,59.4372,77,,,
2019-10-11,5.2968,11.8188,,17.1156,61.32,75,,,
2019-10-12,,20.394,,20.394,58.0812,74,,,
2019-10-13,,17.514,,17.514,58.2732,89,,,
2019-10-14,7.2852,11.5788,,18.864,56.2572,75,,,
2019-10-15,7.5864,12.4788,,20.0652,56.3088,78,,,
2019-10-16,8.9496,14.3388,,23.2884,51.3588,80,,,
2019-10-17,10.986,13.9668,,24.9528,55.056,78,,,
2019-10-18,5.9412,8.5152,,14.4564,54.924,74,,,
2019-10-19,,12.4776,,12.4776,57.4476,69,,,
2019-10-20,,13.3272,,13.3272,56.7552,69,,,
2019-10-21,4.1412,8.52,,12.6612,56.7192,77,,,
2019-10-22,4.8528,7.998,,12.8508,55.716,72,,,
2019-10-23,6.5052,8.7048,,15.21,54.7344,73,,,
2019-10-24,4.7976,9.5016,,14.2992,58.236,78,,,
2019-10-25,3.6516,10.7112,,14.3628,57.1848,71,,,
2019-10-26,,13.1616,,13.1616,55.2252,71,,,
2019-10-27,,14.8008,,14.8008,52.9368,68,,,
2019-10-28,2.052,9.4884,,11.5404,57.7068,64,,,
2019-10-29,1.5576,6.42,,7.9776,56.4468,57,,,
2019-10-30,3.1872,16.2564,,19.4436,58.5072,61,,,
2019-10-31,1.1688,6.6816,,7.8504,57.3204,58,,,
2019-11-01,1.9956,6.6408,0.0,8.6364,55.602,62,,,
2019-11-02,,23.6184,,23.6184,52.782,69,,,
2019-11-03,,11.6916,,11.6916,50.3016,69,,,
2019-11-04,2.3004,6.8412,0.3372,9.4788,51.2532,69,,,
2019-11-05,3.7416,6.4656,0.558,10.7652,50.3592,72,,,
2019-11-06,3.6696,9.486,2.736,15.8916,41.3268,71,,,
2019-11-07,5.1252,7.4448,0.9108,13.4808,50.7144,69,,,
2019-11-08,6.3336,9.2472,1.2024,16.7832,45.6324,72,,,
2019-11-09,,16.2,,16.2,40.668,70,,,
2019-11-10,,19.026,,19.026,46.9596,73,,,
2019-11-11,,13.3344,,13.3344,49.1616,72,,,
2019-11-12,3.1884,8.0256,0.468,11.682,49.2636,70,,,
2019-11-13,1.6836,11.3748,0.5088,13.5672,49.554,65,,,
2019-11-14,0.8964,8.3244,1.0476,10.2684,46.1832,64,,,
2019-11-15,0.9216,3.9732,0.3696,5.2644,41.0016,68,,,
2019-11-16,,5.532,,5.532,23.8116,67,,,
2019-11-17,,12.6444,,12.6444,48.702,66,,,
2019-11-18,1.8156,11.466,1.23,14.5116,46.6716,67,,,
2019-11-19,3.396,9.2412,2.7672,15.4044,15.612,66,,,
2019-11-20,2.538,10.1748,9.906,22.6188,12.2904,60,,,
2019-11-21,4.6176,7.7736,5.1972,17.5884,22.3968,57,,,
2019-11-22,1.6044,8.8152,2.0904,12.51,47.7192,57,,,
2019-11-23,,15.564,,15.564,43.1904,58,,,
2019-11-24,,12.4272,,12.4272,42.1992,60,,,
2019-11-25,2.1312,9.9888,2.8428,14.9628,42.6588,55,,,
2019-11-26,1.7976,12.3636,1.476,15.6372,50.8116,54,,,
2019-11-27,5.3136,17.4804,5.682,28.476,32.3316,53,,,
2019-11-28,,19.3452,,19.3452,24.5028,59,,,
2019-11-29,3.3648,16.758,4.32,24.4428,31.296,50,,,
2019-11-30,,15.9936,,15.9936,48.6108,49,,,
2019-12-01,,16.8072,,16.8072,47.724,53,,,
2019-12-02,2.4672,13.3992,4.632,20.4984,29.9892,54,,,
2019-12-03,2.8344,13.1208,1.4028,17.358,27.5568,54,,,
2019-12-04,2.2824,11.8296,6.9384,21.0504,28.284,57,,,
2019-12-05,6.0348,7.584,0.378,13.9968,41.0376,50,,,
2019-12-06,1.518,9.3708,5.2752,16.164,31.1016,53,,,
2019-12-07,,21.3012,,21.3012,20.166,60,,,
2019-12-08,,28.4256,,28.4256,5.34,58,,,
2019-12-09,4.9356,12.444,2.1516,19.5312,39.132,58,,,
2019-12-10,2.8632,7.6632,4.0044,14.5308,46.2792,56,,,
2019-12-11,3.546,16.1268,5.778,25.4508,41.6964,58,,,
2019-12-12,3.5532,14.7768,1.1964,19.5264,40.38,54,,,
2019-12-13,1.7352,15.4224,0.7848,17.9424,44.982,54,,,
2019-12-14,,17.3364,,17.3364,36.2964,58,,,
2019-12-15,,21.1032,,21.1032,46.758,58,,,
2019-12-16,2.3916,19.3344,0.9696,22.6956,48.3192,49,,,
2019-12-17,2.5296,20.2176,1.7856,24.5328,49.1352,52,,,
2019-12-18,3.0144,20.142,4.7892,27.9456,44.2884,55,,,
2019-12-19,2.5476,15.7428,1.752,20.0424,46.2324,46,,,
2019-12-20,2.2116,18.492,3.132,23.8356,47.3028,54,,,
2019-12-21,,21.5484,,21.5484,42.1896,54,,,
2019-12-22,,29.4768,,29.4768,25.662,54,,,
2019-12-23,6.0756,16.9236,9.8424,32.8416,8.0856,54,,,
2019-12-24,2.8788,18.2628,15.1236,36.2652,6.6444,54,,,
2019-12-25,,34.6908,,34.6908,23.5452,51,,,
2019-12-26,4.224,22.5024,9.3876,36.114,16.7916,51,,,
2019-12-27,7.8276,24.882,16.2648,48.9744,8.2656,51,,,
2019-12-28,,19.5756,,19.5756,44.8116,51,,,
2019-12-29,,40.8996,,40.8996,46.9272,51,,,
2019-12-30,6.4104,26.0856,10.6356,43.1316,14.4996,54,,,
2019-12-31,6.2268,23.8212,8.2164,38.2644,16.758,54,,,
2020-01-01,,27.4956,,27.4956,35.8788,51,,,
2020-01-02,2.3808,23.6688,1.2132,27.2628,47.7864,54,,,
2020-01-03,1.6092,20.6544,1.7616,24.0252,45.6696,54,,,
2020-01-04,,25.05,,25.05,46.5168,54,,,
2020-01-05,,18.4212,,18.4212,47.4276,54,,,
2020-01-06,1.5852,20.2416,0.4692,22.296,48.6072,54,,,
2020-01-07,1.68,14.8176,0.0852,16.5828,45.0024,54,,,
2020-01-08,2.3148,20.6772,0.6948,23.6868,47.2728,54,,,
2020-01-09,2.3556,22.4208,2.49,27.2664,33.6732,54,,,
2020-01-10,1.6392,22.8528,1.1544,25.6464,48.8724,53,,,
2020-01-11,,31.9968,,31.9968,48.4692,50,,,
2020-01-12,,26.0832,,26.0832,48.162,54,,,
2020-01-13,2.3388,25.9236,1.2732,29.5356,48.0828,51,,,
2020-01-14,1.9884,22.8996,0.966,25.854,44.6244,51,,,
2020-01-15,3.7884,19.8168,2.9136,26.5188,26.9952,51,,,
2020-01-16,3.7476,22.0692,6.1356,31.9524,16.0392,51,,,
2020-01-17,1.4472,22.9908,1.2672,25.7052,47.8896,51,,,
2020-01-18,,15.4824,,15.4824,48.9264,51,,,
2020-01-19,,22.8624,,22.8624,47.994,51,,,
2020-01-20,,17.3736,,17.3736,18.57,51,,,
2020-01-21,7.512,17.4468,7.2936,32.2524,7.9872,54,,,
2020-01-22,1.344,18.3708,4.3212,24.036,46.6908,55,,,
2020-01-23,1.5696,15.6228,0.468,17.6604,49.9152,57,,,
2020-01-24,1.5672,13.902,0.336,15.8052,39.7356,57,,,
2020-01-25,,27.4668,,27.4668,49.8732,57,,,
2020-01-26,,18.5136,,18.5136,49.7364,57,,,
2020-01-27,1.524,9.4872,0.0,11.0112,51.3768,59,,,
2020-01-28,1.3032,15.9408,0.0,17.244,52.4496,58,,,
2020-01-29,1.5528,19.9716,9.5484,31.0728,24.9168,54,,,
2020-01-30,1.3728,17.13,0.8124,19.3152,45.1872,58,,,
2020-01-31,1.6716,19.7868,0.0,21.4584,52.9116,59,,,
2020-02-01,,13.038,,13.038,52.8852,60,,,
2020-02-02,,21.3792,,21.3792,53.364,60,,,
2020-02-03,1.8084,17.3832,1.3812,20.5728,47.0472,54,,,
2020-02-04,3.78,27.9792,0.6156,32.3748,57.2844,43,,,
2020-02-05,7.1388,38.2932,2.3136,47.7456,49.0056,46,,,
2020-02-06,3.2016,27.096,1.1112,31.4088,54.2748,45,,,
2020-02-07,1.8552,26.1792,0.8976,28.932,54.9072,51,,,
2020-02-08,,30.1944,,30.1944,54.588,56,,,
2020-02-09,,23.9436,,23.9436,41.7144,56,,,
2020-02-10,1.758,14.9388,0.6168,17.3136,36.348,61,,,
2020-02-11,2.388,18.996,14.5644,35.9484,0.0,53,,,
2020-02-12,2.688,24.1944,16.3284,43.2108,0.0,52,,,
2020-02-13,3.2424,25.2468,11.6016,40.0908,0.0,52,,,
2020-02-14,2.1996,21.5052,11.8332,35.538,0.0,57,,,
2020-02-15,,33.51,,33.51,0.0012,57,,,
2020-02-16,,32.9376,,32.9376,0.0,58,,,
2020-02-17,,24.1632,,24.1632,0.0,59,,,
2020-02-18,2.838,15.27,14.1564,32.2644,0.0,61,,,
2020-02-19,2.3724,15.2892,11.2692,28.9308,0.0,64,,,
2020-02-20,2.4864,13.9392,11.6688,28.0944,0.0,63,,,
2020-02-21,2.652,12.7152,13.9764,29.3436,0.0,65,,,
2020-02-22,,36.8292,,36.8292,0.0,62,,,
2020-02-23,,35.724,,35.724,0.0,56,,,
2020-02-24,2.8728,16.9104,10.5264,30.3096,0.0,56,,,
2020-02-25,3.7032,17.6592,12.5964,33.9588,0.0,59,,,
2020-02-26,2.3616,18.2568,18.438,39.0564,0.0,53,,,
2020-02-27,2.0292,18.9276,16.014,36.9708,0.0,57,,,
2020-02-28,2.7564,13.4172,11.4288,27.6024,0.0,61,,,
2020-02-29,,34.0632,,34.0632,0.0,63,,,
2020-03-01,,33.9012,,33.9012,0.0,62,,,
2020-03-02,2.4756,15.264,12.5304,30.27,0.0,56,,,
2020-03-03,3.1428,13.5276,11.7996,28.47,0.0,60,,,
2020-03-04,2.4024,14.3508,15.4956,32.2488,0.0,60,,,
2020-03-05,2.4648,10.0704,9.4032,21.9384,0.0,66,,,
2020-03-06,5.0616,16.7904,12.5136,34.3656,0.0,68,,,
2020-03-07,,39.4284,,39.4284,0.0,68,,,
2020-03-08,,26.0976,,26.0976,0.0,63,,,
2020-03-09,2.1132,12.9948,11.5716,26.6796,0.0,60,,,
2020-03-10,2.772,18.3852,12.3,33.4572,0.0,67,,,
2020-03-11,2.3892,15.378,16.7208,34.488,0.0,64,,,
2020-03-12,4.7616,16.3416,10.2396,31.3428,0.0,66,,,
2020-03-13,3.1692,13.7796,14.7924,31.7412,0.0,59,,,
2020-03-14,,51.0624,,51.0624,0.0,59,,,
2020-03-15,,27.3972,,27.3972,0.0,62,,,
2020-03-16,2.6856,22.4112,14.0448,39.1416,0.0,63,,,
2020-03-17,3.7968,21.8004,19.464,45.0612,0.0,63,,,
2020-03-18,3.5268,21.2892,22.1736,46.9896,0.0,60,,,
2020-03-19,2.7672,17.8584,15.3708,35.9964,0.0,62,,,
2020-03-20,16.17,15.504,10.7244,42.3984,0.0,57,,,
2020-03-21,,48.8988,,48.8988,0.0,61,,,
2020-03-22,,32.1924,,32.1924,0.0,62,,,
2020-03-23,0.8844,12.8028,10.692,24.3792,27.0336,64,,,
2020-03-24,0.684,11.5584,0.0,12.2424,67.1616,63,,,
2020-03-25,1.206,11.01,3.0012,15.2172,33.0168,64,,,
2020-03-26,0.7752,10.2924,0.0552,11.1228,62.5968,60,,,
2020-03-27,0.6864,11.7744,0.762,13.2228,65.3652,55,,,
2020-03-28,,14.9844,,14.9844,66.972,56,,,
2020-03-29,,11.6664,,11.6664,68.3328,61,,,
2020-03-30,0.8532,8.1672,0.0,9.0204,68.4192,63,,,
2020-03-31,,10.6308,,10.6308,47.802,65,,,
2020-04-01,1.0296,8.9448,0.7968,10.7712,62.406,69,,,
2020-04-02,0.9396,10.0968,0.0,11.0364,68.0544,68,,,
2020-04-03,0.8556,13.7688,0.0,14.6244,67.278,66,,,
2020-04-04,,14.7528,,14.7528,67.0476,68,,,
2020-04-05,,12.1008,,12.1008,68.1684,68,,,
2020-04-06,0.5184,7.6452,0.0,8.1636,68.922,66,,,
2020-04-07,1.4628,10.938,0.0,12.4008,67.7904,67,,,
2020-04-08,1.0644,7.1208,2.8032,10.9884,46.746,65,,,
2020-04-09,0.7164,11.3496,0.9756,13.0416,66.1584,60,,,
2020-04-10,0.8964,9.798,0.9036,11.598,64.6908,63,,,
2020-04-11,,16.8888,,16.8888,56.3184,62,,,
2020-04-12,,11.5524,,11.5524,58.2084,63,,,
2020-04-13,1.0176,12.6048,0.0864,13.7088,56.8668,67,,,
2020-04-14,0.534,7.5276,0.0,8.0616,72.3492,66,,,
2020-04-15,0.8148,8.4216,0.588,9.8244,72.6552,66,,,
2020-04-16,1.1412,12.9156,0.0744,14.1312,72.2592,66,,,
2020-04-17,0.336,10.4652,0.0,10.8012,69.1932,70,,,
2020-04-18,,3.5904,,3.5904,67.0944,68,,,
2020-04-19,,7.6248,,7.6248,70.5216,69,,,
2020-04-20,0.7596,6.9372,0.0,7.6968,71.2056,71,,,
2020-04-21,0.672,12.294,0.0,12.966,68.1444,72,,,
2020-04-22,0.8232,16.0296,0.0,16.8528,70.2984,75,,,
2020-04-23,4.848,10.7556,0.9252,16.5288,69.7176,79,,,
2020-04-24,1.122,16.3644,0.0,17.4864,69.6864,81,,,
2020-04-25,,14.2356,,14.2356,68.8428,85,,,
2020-04-26,,12.4128,,12.4128,67.7328,85,,,
2020-04-27,1.4088,9.6612,0.0,11.07,69.8928,85,,,
2020-04-28,1.2924,12.204,0.0,13.4964,68.5284,84,,,
2020-04-29,1.692,10.8936,0.0408,12.6264,67.1064,87,,,
2020-04-30,1.4136,10.5732,0.1056,12.0924,48.81,86,,,
2020-05-01,1.0248,14.0004,,15.0252,69.8256,81,,,
2020-05-02,,15.5208,,15.5208,69.936,85,,,
2020-05-03,,12.4044,,12.4044,69.9996,83,,,
2020-05-04,1.05,10.89,,11.94,69.6108,94,,,
2020-05-05,1.7448,13.6308,,15.3756,68.7312,87,,,
2020-05-06,1.2252,10.7352,,11.9604,66.72,89,,,
2020-05-07,1.2312,11.8044,,13.0356,69.03,87,,,
2020-05-08,1.0668,9.9828,,11.0496,64.8,87,,,
2020-05-09,,14.2572,,14.2572,61.338,89,,,
2020-05-10,,23.0244,,23.0244,43.704,93,,,
2020-05-11,1.4004,13.7544,,15.1548,69.084,86,,,
2020-05-12,0.8988,10.404,,11.3028,70.8576,82,,,
2020-05-13,0.8892,11.5944,,12.4836,70.8972,79,,,
2020-05-14,1.5456,12.264,,13.8096,68.0784,79,,,
2020-05-15,2.9244,13.0908,,16.0152,68.2644,76,,,
2020-05-16,,5.6844,,5.6844,68.5848,86,,,
2020-05-17,,4.3656,,4.3656,68.8428,87,,,
2020-05-18,1.9092,3.4752,,5.3844,68.9868,84,,,
2020-05-19,0.348,3.3888,,3.7368,72.0768,80,,,
2020-05-20,0.3024,3.2712,,3.5736,72.3672,72,,,
2020-05-21,5.2452,14.6364,,19.8816,71.448,76,,,
2020-05-22,0.924,10.1256,,11.0496,68.4972,79,,,
2020-05-23,,24.4152,,24.4152,69.3672,81,,,
2020-05-24,,26.316,,26.316,70.0416,83,,,
2020-05-25,,11.9736,,11.9736,70.2156,80,,,
2020-05-26,1.2048,12.3624,,13.5672,68.6928,85,,,
2020-05-27,1.2648,15.4392,,16.704,67.35,90,,,
2020-05-28,0.9792,9.5568,,10.536,66.4896,95,,,
2020-05-29,1.2744,11.2548,,12.5292,65.646,93,,,
2020-05-30,,17.3676,,17.3676,64.2192,96,,,
2020-05-31,,14.9148,,14.9148,67.1916,97,,,
2020-06-01,1.1616,10.6524,,11.814,66.2592,90,,,
2020-06-02,1.1424,10.332,,11.4744,68.4252,96,,,
2020-06-03,1.1304,14.9844,,16.1148,65.1312,97,,,
2020-06-04,1.3392,10.4112,,11.7504,63.8868,98,,,
2020-06-05,2.0472,14.0064,,16.0536,53.1408,97,,,
2020-06-06,,13.512,,13.512,68.334,81,,,
2020-06-07,,12.6168,,12.6168,69.8316,86,,,
2020-06-08,0.6828,9.72,,10.4028,72.912,80,,,
2020-06-09,0.498,10.1988,,10.6968,70.4796,80,,,
2020-06-10,0.9996,9.6216,,10.6212,68.7192,86,,,
2020-06-11,1.0392,18.4344,,19.4736,66.384,89,,,
2020-06-12,0.3324,11.478,,11.8104,65.8584,90,,,
2020-06-13,,5.628,,5.628,68.346,91,,,
2020-06-14,,7.7808,,7.7808,68.0712,90,,,
2020-06-15,4.6908,5.6904,,10.3812,67.2012,87,,,
2020-06-16,5.1084,5.2404,,10.3488,67.974,91,,,
2020-06-17,4.3152,5.4012,,9.7164,67.9392,87,,,
2020-06-18,4.47,5.8416,,10.3116,67.0668,89,,,
2020-06-19,5.5332,20.1756,,25.7088,67.1916,88,,,
2020-06-20,,30.66,,30.66,66.7956,94,,,
2020-06-21,,16.6452,,16.6452,66.0564,94,,,
2020-06-22,0.9216,12.054,,12.9756,65.562,94,,,
2020-06-23,1.2876,11.0676,,12.3552,65.1912,95,,,
2020-06-24,1.5432,15.3084,,16.8516,60.96,93,,,
2020-06-25,1.7952,12.2976,,14.0928,54.1608,94,,,
2020-06-26,0.8448,11.1744,,12.0192,66.3864,94,,,
2020-06-27,,14.34,,14.34,65.9412,95,,,
2020-06-28,,11.9436,,11.9436,64.1808,94,,,
2020-06-29,1.02,16.1688,,17.1888,67.4664,90,,,
2020-06-30,0.708,14.118,,14.826,67.452,86,,,
2020-07-01,1.08,10.9116,,11.9916,66.858,88,,,
2020-07-02,0.9408,11.7396,,12.6804,63.1392,88,,,
2020-07-03,,44.7444,,44.7444,62.8788,93,,,
2020-07-04,,47.7588,,47.7588,63.642,98,,,
2020-07-05,,54.6012,,54.6012,64.4988,99,,,
2020-07-06,13.6056,29.2944,,42.9,65.2128,95,,,
2020-07-07,15.2364,38.5344,,53.7708,63.7008,95,,,
2020-07-08,14.382,41.0436,,55.4256,63.678,98,,,
2020-07-09,13.4532,38.4444,,51.8976,63.3348,106,,,
2020-07-10,17.2368,44.3208,,61.5576,62.9844,100,,,
2020-07-11,,75.4164,,75.4164,61.4988,104,,,
2020-07-12,,85.6704,,85.6704,58.5672,106,,,
2020-07-13,21.816,55.9488,,77.7648,53.016,100,,,
2020-07-14,14.9712,45.8256,,60.7968,62.3688,98,,,
2020-07-15,15.39,46.368,,61.758,62.4744,98,,,
2020-07-16,15.21,44.7996,,60.0096,62.1672,97,,,
2020-07-17,14.1408,48.0624,,62.2032,61.7556,95,,,
2020-07-18,,62.4036,,62.4036,62.9268,100,,,
2020-07-19,,73.3824,,73.3824,42.7956,103,,,
2020-07-20,12.8316,51.6276,,64.4592,14.5308,95,,,
2020-07-21,15.4968,43.2672,,58.764,62.3592,96,,,
2020-07-22,16.7148,53.4612,,70.176,61.6848,96,,,
2020-07-23,12.8712,58.44,,71.3112,38.7288,90,,,
2020-07-24,14.0808,37.308,,51.3888,61.6044,91,,,
2020-07-25,,58.8456,,58.8456,60.8304,95,,,
2020-07-26,,61.2516,,61.2516,61.9944,96,,,
2020-07-27,17.6688,47.3472,,65.016,59.502,97,,,
2020-07-28,16.5708,49.4532,,66.024,61.7388,99,,,
2020-07-29,16.8048,46.65,,63.4548,61.932,102,,,
2020-07-30,20.1924,53.268,,73.4604,61.56,103,,,
2020-07-31,20.382,53.1276,,73.5096,61.5612,103,,,
2020-08-01,,82.6764,,82.6764,60.6744,99,,,
2020-08-02,,86.4264,,86.4264,48.6936,99,,,
2020-08-03,16.326,45.4272,,61.7532,59.586,99,,,
2020-08-04,19.1124,42.0072,,61.1196,56.04,96,,,
2020-08-05,12.9288,38.6256,,51.5544,63.5076,97,,,
2020-08-06,13.134,33.7068,,46.8408,63.5268,94,,,
2020-08-07,15.7308,33.2928,,49.0236,62.0196,94,,,
2020-08-08,,50.9292,,50.9292,62.0808,96,,,
2020-08-09,,56.7888,,56.7888,62.2188,97,,,
2020-08-10,16.4028,38.868,,55.2708,62.2692,96,,,
2020-08-11,18.0804,43.4784,,61.5588,60.0732,96,,,
2020-08-12,19.0428,46.4124,,65.4552,59.6496,96,,,
2020-08-13,21.744,53.4048,,75.1488,55.0512,102,,,
2020-08-14,20.0508,50.9748,,71.0256,59.7504,101,,,
2020-08-15,,71.31,,71.31,60.216,102,,,
2020-08-16,,92.4264,,92.4264,54.8328,103,,,
2020-08-17,19.6644,51.7464,,71.4108,58.7244,100,,,
2020-08-18,23.046,61.5288,,84.5748,52.6128,99,,,
2020-08-19,23.1768,72.0888,,95.2656,57.7968,98,,,
2020-08-20,19.4244,50.6316,,70.056,51.2736,95,,,
2020-08-21,14.7084,51.3348,,66.0432,49.0824,91,,,
2020-08-22,,73.974,,73.974,58.5192,97,,,
2020-08-23,,71.3556,,71.3556,57.5184,98,,,
2020-08-24,21.9792,53.5104,,75.4896,55.254,100,,,
2020-08-25,22.7256,50.9724,,73.698,53.2224,97,,,
2020-08-26,22.8384,45.0828,,67.9212,49.8936,98,,,
2020-08-27,22.668,57.0612,,79.7292,53.5668,99,,,
2020-08-28,21.882,50.7312,,72.6132,49.3872,106,,,
2020-08-29,,84.426,,84.426,35.4936,95,,,
2020-08-30,,48.594,,48.594,59.3316,91,,,
2020-08-31,13.86,29.1648,,43.0248,62.04,86,,,
2020-09-01,14.1,38.8224,,52.9224,59.8296,93,,,
2020-09-02,16.5708,36.2316,,52.8024,61.6212,92,,,
2020-09-03,18.0684,31.3764,,49.4448,61.374,95,,,
2020-09-04,18.6792,41.1768,,59.856,60.3828,98,,,
2020-09-05,,66.12,,66.12,60.2184,99,,,
2020-09-06,,61.89,,61.89,60.1908,99,,,
2020-09-07,,56.9016,,56.9016,60.1812,94,,,
2020-09-08,14.7996,33.0312,,47.8308,42.3828,91,,,
2020-09-09,7.8516,16.4796,,24.3312,63.9768,79,,,
2020-09-10,8.7192,16.6632,,25.3824,60.0444,80,,,
2020-09-11,10.7916,21.936,,32.7276,42.4644,78,,,
2020-09-12,,33.4452,,33.4452,52.4484,83,,,
2020-09-13,,45.6876,,45.6876,53.514,85,,,
2020-09-14,12.7308,26.1564,,38.8872,58.9692,90,,,
2020-09-15,14.8416,26.7204,,41.562,57.7176,88,,,
2020-09-16,14.4276,25.41,,39.8376,58.3272,90,,,
2020-09-17,15.8088,30.2172,,46.026,55.8804,91,,,
2020-09-18,17.5416,31.566,,49.1076,54.8436,90,,,
2020-09-19,,51.8928,,51.8928,57.294,91,,,
2020-09-20,,40.674,,40.674,55.1424,89,,,
2020-09-21,17.466,33.5028,,50.9688,47.7,90,,,
2020-09-22,14.8248,38.5308,,53.3556,50.4132,91,,,
2020-09-23,14.2512,30.7008,,44.952,58.0632,90,,,
2020-09-24,20.8284,31.2852,,52.1136,57.5352,89,,,
2020-09-25,15.5376,27.6504,,43.188,57.7704,88,,,
2020-09-26,,40.908,,40.908,58.8348,86,,,
2020-09-27,,40.1988,,40.1988,59.7312,86,,,
2020-09-28,13.5744,22.9692,,36.5436,57.612,87,,,
2020-09-29,13.4772,22.956,,36.4332,58.2312,87,,,
2020-09-30,16.3668,28.032,,44.3988,57.6168,86,,,
2020-10-01,7.314,18.2484,,25.5624,58.6104,87,,,
2020-10-02,8.6808,7.6236,,16.3044,57.8124,87,,,
2020-10-03,,29.6484,,29.6484,58.4424,86,,,
2020-10-04,,30.9636,,30.9636,57.8184,83,,,
2020-10-05,15.1188,22.242,,37.3608,50.8656,87,,,
2020-10-06,14.472,30.5064,,44.9784,55.8528,85,,,
2020-10-07,13.344,21.7848,,35.1288,55.8036,84,,,
2020-10-08,12.0996,24.5808,,36.6804,56.064,82,,,
2020-10-09,11.8236,21.9828,,33.8064,57.1536,83,,,
2020-10-10,,33.4464,,33.4464,56.2548,78,,,
2020-10-11,,24.4848,,24.4848,55.2372,78,,,
2020-10-12,11.1912,15.7824,,26.9736,54.9444,80,,,
2020-10-13,12.4824,20.7024,,33.1848,55.71,92,,,
2020-10-14,10.6944,14.6448,,25.3392,55.6512,81,,,
2020-10-15,14.5704,19.1304,,33.7008,51.0876,82,,,
2020-10-16,7.5732,14.0664,,21.6396,52.932,83,,,
2020-10-17,,12.744,,12.744,49.1772,78,,,
2020-10-18,,25.0992,,25.0992,53.9652,77,,,
2020-10-19,10.5768,13.8696,,24.4464,53.0988,79,,,
2020-10-20,11.0064,15.5856,,26.592,51.1536,79,,,
2020-10-21,12.6348,12.3288,,24.9636,51.1488,79,,,
2020-10-22,12.1296,14.1876,,26.3172,52.1172,77,,,
2020-10-23,13.5768,16.704,,30.2808,50.3112,78,,,
2020-10-24,,24.048,,24.048,29.0916,75,,,
2020-10-25,,21.2064,,21.2064,45.4152,76,,,
2020-10-26,1.7784,7.7364,,9.5148,56.226,62,,,
2020-10-27,2.2848,7.1172,,9.402,56.4372,58,,,
2020-10-28,1.5252,10.2384,,11.7636,54.4368,57,,,
2020-10-29,3.828,11.7432,,15.5712,53.4936,65,,,
2020-10-30,6.6228,10.8564,,17.4792,48.3456,70,,,
2020-10-31,,17.7684,,17.7684,35.3412,71,,,
2020-11-01,,25.2636,,25.2636,45.8916,78,,,
2020-11-02,9.4716,15.984,2.7432,28.1988,41.8068,86,,,
2020-11-03,10.6656,13.092,1.9308,25.6884,41.5428,77,,,
2020-11-04,8.388,10.998,1.392,20.778,49.062,76,,,
2020-11-05,11.3916,12.0996,3.6624,27.1536,47.556,79,,,
2020-11-06,5.4048,18.7404,8.1192,32.2644,14.5884,81,,,
2020-11-07,,14.8008,,14.8008,41.6856,66,,,
2020-11-08,,11.0448,,11.0448,29.6676,56,,,
2020-11-09,2.478,13.0404,0.3636,15.882,46.656,53,,,
2020-11-10,1.944,8.0244,0.0012,9.9696,53.412,53,,,
2020-11-11,,13.1256,,13.1256,52.4808,56,,,
2020-11-12,0.0264,9.0036,0.66,9.69,44.0532,57,,,
2020-11-13,2.0796,10.53,1.0476,13.6572,49.86,60,,,
2020-11-14,,6.93,,6.93,47.4684,61,,,
2020-11-15,,9.1512,,9.1512,47.3568,63,,,
2020-11-16,1.7724,7.392,1.5408,10.7052,46.6728,69,,,
2020-11-17,0.0876,6.6156,0.0228,6.726,43.9044,71,,,
2020-11-18,2.1624,10.3488,1.6284,14.1396,45.9564,71,,,
2020-11-19,3.7368,8.286,0.0348,12.0576,44.9508,69,,,
2020-11-20,4.062,10.86,1.356,16.278,41.9184,70,,,
2020-11-21,,13.5792,,13.5792,40.3632,69,,,
2020-11-22,,15.102,,15.102,30.6396,68,,,
2020-11-23,1.8012,8.9592,1.2312,11.9916,43.3452,66,,,
2020-11-24,2.1348,7.842,0.078,10.0548,48.4224,60,,,
2020-11-25,11.2884,11.9604,0.012,23.2608,48.138,56,,,
2020-11-26,,13.8624,,13.8624,47.1432,56,,,
2020-11-27,1.9872,12.8772,1.6068,16.4712,47.1936,51,,,
2020-11-28,,18.2532,,18.2532,47.46,54,,,
2020-11-29,,16.146,,16.146,47.7768,57,,,
2020-11-30,2.4,10.152,0.2664,12.8184,45.69,60,,,
2020-12-01,4.0692,13.5324,0.1044,17.706,46.8564,55,,,
2020-12-02,2.8392,16.7064,0.054,19.5996,47.9784,55,,,
2020-12-03,2.8548,14.8572,1.6224,19.3344,48.0936,58,,,
2020-12-04,3.0756,11.8632,1.7796,16.7184,47.9652,51,,,
2020-12-05,,44.4096,,44.4096,25.2204,53,,,
2020-12-06,,15.1296,,15.1296,46.3896,54,,,
2020-12-07,2.394,12.3696,0.006,14.7696,42.5556,60,,,
2020-12-08,3.738,11.4768,1.1004,16.3152,38.8884,63,,,
2020-12-09,3.3888,10.7556,0.3396,14.484,39.7068,62,,,
2020-12-10,4.5828,14.6868,14.1744,33.444,8.3724,54,,,
2020-12-11,1.1316,14.9436,0.7632,16.8384,29.61,54,,,
2020-12-12,,6.1068,,6.1068,43.3212,54,,,
2020-12-13,,25.7592,,25.7592,46.092,54,,,
2020-12-14,2.7252,22.0404,1.6572,26.4228,46.1424,54,,,
2020-12-15,3.3108,18.09,0.468,21.8688,47.4696,54,,,
2020-12-16,1.842,21.8364,0.636,24.3144,46.6644,54,,,
2020-12-17,5.1636,23.3628,3.8196,32.346,20.328,49,,,
2020-12-18,3.9852,19.4508,1.872,25.308,45.9924,50,,,
2020-12-19,,27.8508,,27.8508,45.9468,51,,,
2020-12-20,,24.4572,,24.4572,46.0116,52,,,
2020-12-21,2.1876,18.24,0.552,20.9796,45.0156,57,,,
2020-12-22,2.4648,20.7324,0.8208,24.018,39.75,55,,,
2020-12-23,4.0452,16.3464,1.9644,22.356,46.9656,53,,,
2020-12-24,4.0908,24.5664,9.828,38.4852,17.9508,49,,,
2020-12-25,,24.468,,24.468,41.7768,56,,,
2020-12-26,,20.3748,,20.3748,45.4104,53,,,
2020-12-27,,27.6912,,27.6912,33.852,53,,,
2020-12-28,2.5392,12.7284,0.702,15.9696,40.962,54,,,
2020-12-29,1.8504,19.9176,2.622,24.39,40.032,51,,,
2020-12-30,1.8024,18.6732,0.348,20.8236,47.8764,54,,,
2020-12-31,4.1292,24.5256,6.1692,34.824,25.7148,47,,,
2021-01-01,,19.7748,,19.7748,46.2072,50,,,
2021-01-02,,28.9332,,28.9332,39.6576,49,,,
2021-01-03,,30.9192,,30.9192,39.2652,49,,,
